<?xml version="1.0" encoding="UTF-8"?>
<!DOCTYPE mapper
        PUBLIC "-//mybatis.org//DTD Mapper 3.0//EN"
        "http://mybatis.org/dtd/mybatis-3-mapper.dtd">
<mapper namespace="com.lzj.mapper.TDataMapper">

    <resultMap id="BaseResultMap" type="com.lzj.entity.TData">
            <id property="id" column="id" jdbcType="INTEGER"/>
            <result property="temp" column="temp" jdbcType="VARCHAR"/>
            <result property="humi" column="humi" jdbcType="VARCHAR"/>
            <result property="light" column="light" jdbcType="VARCHAR"/>
            <result property="smoke" column="smoke" jdbcType="VARCHAR"/>
            <result property="co2" column="co2" jdbcType="VARCHAR"/>
            <result property="tvoc" column="tvoc" jdbcType="VARCHAR"/>
            <result property="datatime" column="datatime" jdbcType="VARCHAR"/>
    </resultMap>

    <sql id="Base_Column_List">
        id,temp,humi,
        light,smoke,co2,
        tvoc,datatime
    </sql>
    <update id="editData">
        update t_data set
        <if test="temp!=null">
            temp = #{temp},
        </if>
        <if test="humi!=null">
            humi = #{humi},
        </if>
        <if test="light!=null">
            light = #{light},
        </if>
        <if test="smoke!=null">
            shidu = #{smoke},
        </if>
        <if test="co2!=null">
            co2 = #{co2},
        </if>
        <if test="tvoc!=null">
            tvoc = #{tvoc}
        </if>
        where id = #{id}
    </update>
    <select id="findDataByPage" resultMap="BaseResultMap">
        select * from t_data limit #{page1},#{limit1}
    </select>

    <select id="selectCount" >
        select count(*) from t_data
    </select>


    <insert id="save" >
        insert into t_data values (0,#{temp},#{humi},#{light},#{smoke},#{co2},#{tvoc},#{datatime})
    </insert>

    <select id="selectDataByDesc" resultMap="BaseResultMap">
        select temp,humi,light,smoke,co2,tvoc,datatime from t_data order by id desc limit 5;
    </select>

    <delete id="deleteById">
        delete from t_data where id = #{c_id}
    </delete>


</mapper>
