<?xml version="1.0" encoding="UTF-8"?>
<!DOCTYPE mapper
        PUBLIC "-//mybatis.org//DTD Mapper 3.0//EN"
        "http://mybatis.org/dtd/mybatis-3-mapper.dtd">
<mapper namespace="com.lzj.mapper.UserMapper">

    <resultMap id="BaseResultMap" type="com.lzj.entity.User">
            <id property="uid" column="uid" jdbcType="INTEGER"/>
            <result property="username" column="username" jdbcType="VARCHAR"/>
            <result property="password" column="password" jdbcType="VARCHAR"/>
    </resultMap>

    <sql id="Base_Column_List">
        uid,username,password
    </sql>
    <select id="selectAll" resultMap="BaseResultMap">
        select username,password from user
    </select>
    <insert id="insertSelective">
        insert into user values (0,#{username}, #{password})
    </insert>
    <select id="findUser" resultMap="BaseResultMap">
        select username,password from user where username = #{username} and password = #{password}
    </select>

</mapper>
